route_id,vehicle_type,power,sequence,customer,from_customer,leg_distance_km,arrival_raw_min,service_start_min,departure_min,wait_min,late_min,delivered_weight_kg,delivered_volume_m3,remaining_weight_before_kg,remaining_volume_before_m3,leg_energy,arrival_raw,service_start,departure,in_green_zone
1,EV-3000,electric,1,3,0,69.4331203273497,870.3343077692764,873.0,893.0,2.6656922307236073,0.0,235.0181,0.70348,2955.9611,10.592075,31.489004425801188,14:30,14:33,14:53,True
1,EV-3000,electric,2,95,3,21.5942182175245,925.6653416116235,925.6653416116235,945.6653416116235,0.0,0.0,109.35,0.29746,2720.943,9.888594999999999,9.630571520227214,15:26,15:26,15:46,False
1,EV-3000,electric,3,10,95,30.5923121234925,997.5167180921193,1180.0,1200.0,182.48328190788072,0.0,1879.9925,7.278745,2611.5930000000003,9.591135,13.533485733340132,16:38,19:40,20:00,True
1,EV-3000,electric,4,5,10,2.91019945962227,1203.157540100856,1203.157540100856,1223.157540100856,0.0,0.0,731.6005,2.31239,731.6005000000002,2.3123899999999997,1.0651441993768105,20:03,20:03,20:23,True
2,EV-3000,electric,1,6,0,40.6381341683653,776.253882663461,776.253882663461,796.253882663461,0.0,0.0,1118.4108,2.9957999999999996,2998.4033,10.274545,18.86618003073641,12:56,12:56,13:16,True
2,EV-3000,electric,2,10,6,4.63195922390589,801.2795165411165,1180.0,1200.0,378.72048345888345,0.0,1879.9925,7.278745,1879.9924999999998,7.278745000000001,1.9045893233471503,13:21,19:40,20:00,True
3,EV-3000,electric,1,6,0,40.6381341683653,776.253882663461,776.253882663461,796.253882663461,0.0,0.0,2236.8216,5.991599999999999,2999.07785,7.901824999999999,18.867279975997597,12:56,12:56,13:16,True
3,EV-3000,electric,2,92,6,34.8179655291996,834.0310604528277,887.0,907.0,52.96893954717234,0.0,762.2562499999999,1.910225,762.2562499999999,1.9102249999999996,12.785502319473173,13:54,14:47,15:07,False
4,EV-3000,electric,1,11,0,57.3831973821543,716.223657441761,716.223657441761,736.223657441761,0.0,0.0,1325.5301,4.36316,2443.9409,7.35896,25.081942069239243,11:56,11:56,12:16,True
4,EV-3000,electric,2,6,11,11.6354202237926,784.8664928816784,784.8664928816784,804.8664928816784,0.0,5.866492881678369,1118.4108,2.9957999999999996,1118.4108,2.9958,4.564032599562311,13:05,13:05,13:25,True
5,EV-3000,electric,1,8,0,33.0274482720554,685.9787258848397,685.9787258848397,705.9787258848397,0.0,0.0,1178.0232369999999,3.602702,2922.344837,8.144162,15.01674677381272,11:26,11:26,11:46,True
5,EV-3000,electric,2,97,8,24.6739966925644,793.6533691722476,822.0,842.0,28.346630827752392,0.0,17.48,0.04201,1744.3216000000002,4.54146,10.244916970696917,13:14,13:42,14:02,False
5,EV-3000,electric,3,12,97,21.0429088534639,864.8313658446262,895.0,915.0,30.168634155373752,0.0,1726.8416000000002,4.49945,1726.8416000000002,4.4994499999999995,8.525725153047171,14:25,14:55,15:15,True
6,EV-3000,electric,1,8,0,33.0274482720554,685.9787258848397,685.9787258848397,705.9787258848397,0.0,0.0,2356.0464739999998,7.205404,2356.0464739999998,7.205404,14.276871467991954,11:26,11:26,11:46,True
7,EV-3000,electric,1,8,0,33.0274482720554,685.9787258848397,685.9787258848397,705.9787258848397,0.0,0.0,2356.0464739999998,7.205404,2356.0464739999998,7.205404,14.276871467991954,11:26,11:26,11:46,True
8,EV-3000,electric,1,8,0,33.0274482720554,685.9787258848397,685.9787258848397,705.9787258848397,0.0,0.0,2356.0464739999998,7.205404,2356.0464739999998,7.205404,14.276871467991954,11:26,11:26,11:46,True
9,EV-3000,electric,1,8,0,33.0274482720554,685.9787258848397,685.9787258848397,705.9787258848397,0.0,0.0,2356.0464739999998,7.205404,2356.0464739999998,7.205404,14.276871467991954,11:26,11:26,11:46,True
10,EV-3000,electric,1,9,0,40.4299129933596,621.6608694802705,621.6608694802705,641.6608694802705,0.0,0.0,1712.8728666666666,4.433813333333333,2890.8961036666665,8.036515333333334,18.26373267720327,10:22,10:22,10:42,True
10,EV-3000,electric,2,8,9,5.31557681408088,650.6703217075262,650.6703217075262,670.6703217075262,0.0,0.0,1178.0232369999999,3.602702,1178.0232369999999,3.6027020000000007,2.0500705201353666,10:51,10:51,11:11,True
11,EV-1250,electric,1,33,0,57.715000446938,650.957627876166,650.957627876166,670.957627876166,0.0,0.0,527.2666,1.37982,1067.3534,2.659,25.351578028393675,10:51,10:51,11:11,False
11,EV-1250,electric,2,13,33,25.9796905348901,780.0484893112059,780.0484893112059,800.0484893112059,0.0,0.0,540.0867999999999,1.27918,540.0867999999999,1.2791799999999998,10.378420513147082,13:00,13:00,13:20,True
12,EV-1250,electric,1,7,0,62.2027270678296,847.4893964569579,847.4893964569579,867.4893964569579,0.0,0.0,1243.8721333333333,3.060325,1243.8721333333333,3.060325,28.281689686756447,14:07,14:07,14:27,True
13,EV-1250,electric,1,7,0,62.2027270678296,847.4893964569579,847.4893964569579,867.4893964569579,0.0,0.0,1243.8721333333333,3.060325,1243.8721333333333,3.060325,28.281689686756447,14:07,14:07,14:27,True
14,EV-1250,electric,1,7,0,62.2027270678296,847.4893964569579,847.4893964569579,867.4893964569579,0.0,0.0,1243.8721333333333,3.060325,1243.8721333333333,3.060325,28.281689686756447,14:07,14:07,14:27,True
15,EV-1250,electric,1,7,0,62.2027270678296,847.4893964569579,847.4893964569579,867.4893964569579,0.0,0.0,1243.8721333333333,3.060325,1243.8721333333333,3.060325,28.281689686756447,14:07,14:07,14:27,True
16,EV-1250,electric,1,7,0,62.2027270678296,847.4893964569579,847.4893964569579,867.4893964569579,0.0,0.0,1243.8721333333333,3.060325,1243.8721333333333,3.060325,28.281689686756447,14:07,14:07,14:27,True
17,EV-1250,electric,1,7,0,62.2027270678296,847.4893964569579,847.4893964569579,867.4893964569579,0.0,0.0,1243.8721333333333,3.060325,1243.8721333333333,3.060325,28.281689686756447,14:07,14:07,14:27,True
18,EV-1250,electric,1,89,0,85.174319314423,1035.5960064894282,1035.5960064894282,1055.5960064894282,0.0,2.5960064894281913,46.248,0.2733,1103.4764666666667,3.7597966666666665,37.76858234278406,17:16,17:16,17:36,False
18,EV-1250,electric,2,98,89,32.2995921854706,1090.6407719709514,1158.0,1178.0,67.35922802904861,0.0,25.5,0.0646,1057.2284666666667,3.4864966666666666,14.116419510996488,18:11,19:18,19:38,False
18,EV-1250,electric,3,19,98,24.6621156686858,1204.7581725157531,1204.7581725157531,1224.7581725157531,0.0,0.0,9.3722,0.07403,1031.7284666666667,3.4218966666666666,10.719107737618469,20:05,20:05,20:25,False
18,EV-1250,electric,4,71,19,24.8441932364609,1251.7138975462713,1251.7138975462713,1271.7138975462713,0.0,6.713897546271255,1022.3562666666667,3.3478666666666665,1022.3562666666667,3.3478666666666665,10.776260046738328,20:52,20:52,21:12,False
19,EV-1250,electric,1,90,0,70.1711760549331,901.7731797541239,901.7731797541239,921.7731797541239,0.0,0.0,100.6088,0.22653,1122.9650666666666,3.5743966666666664,31.106153195738006,15:02,15:02,15:22,False
19,EV-1250,electric,2,71,90,16.6163332298803,949.936456414938,1159.0,1179.0,209.063543585062,0.0,1022.3562666666667,3.3478666666666665,1022.3562666666667,3.3478666666666665,7.246950419685304,15:50,19:19,19:39,False
20,EV-1250,electric,1,71,0,74.7011425395969,1161.0500642382606,1161.0500642382606,1181.0500642382606,0.0,0.0,1022.3562666666667,3.3478666666666665,1022.3562666666667,3.3478666666666665,32.40189488680038,19:21,19:21,19:41,False
21,EV-1250,electric,1,62,0,48.8763574638369,1163.0304059282137,1163.0304059282137,1183.0304059282137,0.0,0.0,1100.5368,3.154634375,1100.5368,3.154634375,21.561102392456444,19:23,19:23,19:43,False
22,EV-1250,electric,1,62,0,48.8763574638369,1163.0304059282137,1163.0304059282137,1183.0304059282137,0.0,0.0,1100.5368,3.154634375,1100.5368,3.154634375,21.561102392456444,19:23,19:23,19:43,False
23,EV-1250,electric,1,62,0,48.8763574638369,1163.0304059282137,1163.0304059282137,1183.0304059282137,0.0,0.0,1100.5368,3.154634375,1100.5368,3.154634375,21.561102392456444,19:23,19:23,19:43,False
24,EV-1250,electric,1,62,0,48.8763574638369,1163.0304059282137,1163.0304059282137,1183.0304059282137,0.0,0.0,1100.5368,3.154634375,1100.5368,3.154634375,21.561102392456444,19:23,19:23,19:43,False
25,Fuel-3000,fuel,1,62,0,48.8763574638369,1163.0304059282137,1163.0304059282137,1183.0304059282137,0.0,0.0,2201.0736,6.30926875,2922.85465,8.08646375,17.165524392683697,19:23,19:23,19:43,False
25,Fuel-3000,fuel,2,4,62,13.1829387285998,1197.333775254,1197.333775254,1217.333775254,0.0,0.0,721.78105,1.7771949999999999,721.78105,1.7771949999999999,3.652159214317717,19:57,19:57,20:17,True
26,Fuel-3000,fuel,1,62,0,48.8763574638369,1163.0304059282137,1163.0304059282137,1183.0304059282137,0.0,0.0,2201.0736,6.30926875,2201.0736,6.30926875,15.976814520388603,19:23,19:23,19:43,False
27,Fuel-3000,fuel,1,59,0,82.0772764262805,698.1261822017174,698.1261822017174,718.1261822017174,0.0,0.0,2209.3367,5.8112675000000005,2971.5929499999997,7.7214925,29.461392698329536,11:38,11:38,11:58,False
27,Fuel-3000,fuel,2,92,59,62.6766754698664,837.0386458186042,887.0,907.0,49.96135418139579,0.0,762.2562499999999,1.910225,762.2562499999999,1.9102249999999996,17.918553710320058,13:57,14:47,15:07,False
28,Fuel-3000,fuel,1,59,0,82.0772764262805,698.1261822017174,698.1261822017174,718.1261822017174,0.0,0.0,2209.3367,5.8112675000000005,2209.3367,5.8112675000000005,27.316816335856814,11:38,11:38,11:58,False
29,Fuel-3000,fuel,1,38,0,68.5954097800849,645.966796237432,645.966796237432,665.966796237432,0.0,0.0,630.8663,2.033635,2840.203,7.8449025,24.11305553756568,10:46,10:46,11:06,False
29,Fuel-3000,fuel,2,59,38,22.8713045577933,743.2145775788462,743.2145775788462,763.2145775788462,0.0,0.0,2209.3367,5.8112675000000005,2209.3367,5.8112675,8.061590140528601,12:23,12:23,12:43,False
30,Fuel-3000,fuel,1,38,0,68.5954097800849,645.966796237432,645.966796237432,665.966796237432,0.0,0.0,630.8663,2.033635,2840.203,7.8449025,24.11305553756568,10:46,10:46,11:06,False
30,Fuel-3000,fuel,2,59,38,22.8713045577933,743.2145775788462,743.2145775788462,763.2145775788462,0.0,0.0,2209.3367,5.8112675000000005,2209.3367,5.8112675,8.061590140528601,12:23,12:23,12:43,False
31,Fuel-3000,fuel,1,88,0,15.1899980405674,670.7457593907922,670.7457593907922,690.7457593907922,0.0,0.0,79.6007,0.5374800000000001,2820.9069000000004,7.991407857142858,5.401769738823339,11:11,11:11,11:31,False
31,Fuel-3000,fuel,2,84,88,68.4918876727151,838.4958716526703,974.0,994.0,135.5041283473297,0.0,1605.2619000000002,4.36803,2741.3062000000004,7.453927857142857,24.474747231042667,13:58,16:14,16:34,False
31,Fuel-3000,fuel,3,50,84,21.9975401832391,1027.223370904057,1209.0,1229.0,181.776629095943,0.0,1136.0443,3.0858978571428572,1136.0443000000002,3.0858978571428572,6.501893718012367,17:07,20:09,20:29,False
32,Fuel-3000,fuel,1,24,0,47.091280004406,1101.0936130246719,1101.0936130246719,1121.0936130246719,0.0,5.093613024671868,631.08365,1.4779950000000002,2903.17225,7.649790714285714,16.507368492888734,18:21,18:21,18:41,False
32,Fuel-3000,fuel,2,50,24,35.8488803348137,1159.9893240570195,1209.0,1229.0,49.01067594298047,0.0,2272.0886,6.1717957142857145,2272.0886,6.1717957142857145,11.804145479413801,19:20,20:09,20:29,False
33,Fuel-3000,fuel,1,24,0,47.091280004406,1101.0936130246719,1101.0936130246719,1121.0936130246719,0.0,5.093613024671868,631.08365,1.4779950000000002,2903.17225,7.649790714285714,16.507368492888734,18:21,18:21,18:41,False
33,Fuel-3000,fuel,2,50,24,35.8488803348137,1159.9893240570195,1209.0,1229.0,49.01067594298047,0.0,2272.0886,6.1717957142857145,2272.0886,6.1717957142857145,11.804145479413801,19:20,20:09,20:29,False
34,Fuel-3000,fuel,1,4,0,35.0291721042173,1178.0063350136172,1178.0063350136172,1198.0063350136172,0.0,0.0,721.78105,1.7771949999999999,2993.86965,7.948990714285714,12.386171810016943,19:38,19:38,19:58,True
34,Fuel-3000,fuel,2,50,4,28.1528184832499,1228.551888521664,1228.551888521664,1248.551888521664,0.0,0.0,2272.0886,6.1717957142857145,2272.0886,6.1717957142857145,9.270023552425647,20:29,20:29,20:49,False
35,Fuel-3000,fuel,1,76,0,37.624321582022,616.9056298000373,616.9056298000373,636.9056298000373,0.0,0.0,628.15085,2.03649,2876.2535833333336,7.770156666666667,13.233371654459846,10:17,10:17,10:37,False
35,Fuel-3000,fuel,2,52,76,19.0118588247664,669.1291193335397,905.0,925.0,235.87088066646027,0.0,2248.1027333333336,5.733666666666667,2248.1027333333336,5.733666666666666,6.385650829743837,11:09,15:05,15:25,False
36,Fuel-3000,fuel,1,52,0,89.0877729079642,980.6996150982444,980.6996150982444,1000.6996150982444,0.0,0.0,2248.1027333333336,5.733666666666667,2919.9088833333335,7.557681666666667,31.656193284364857,16:21,16:21,16:41,False
36,Fuel-3000,fuel,2,81,52,24.8658700249315,1034.6242057138109,1034.6242057138109,1054.6242057138109,0.0,0.0,671.80615,1.824015,671.8061499999999,1.8240150000000002,6.917626782059596,17:15,17:15,17:35,False
37,Fuel-3000,fuel,1,82,0,59.5587450892945,780.6604829178602,780.6604829178602,800.6604829178602,0.0,0.0,746.541,2.33638,2994.643733333334,8.070046666666666,22.2814230754072,13:01,13:01,13:21,False
37,Fuel-3000,fuel,2,52,82,34.0859076246979,837.643384499811,905.0,925.0,67.35661550018904,0.0,2248.1027333333336,5.733666666666667,2248.1027333333336,5.733666666666666,11.196093628093248,13:58,15:05,15:25,False
38,Fuel-3000,fuel,1,39,0,97.0846821142156,900.5248849393485,900.5248849393485,920.5248849393485,0.0,0.5248849393484534,2012.4458,5.003585,2996.5792,7.551995,34.34008086242375,15:01,15:01,15:21,False
38,Fuel-3000,fuel,2,77,39,10.4124897283674,938.1731726145474,1136.0,1156.0,197.8268273854526,0.0,984.1333999999999,2.54841,984.1334000000002,2.5484099999999996,3.0438452131690483,15:38,18:56,19:16,False
39,Fuel-3000,fuel,1,16,0,44.6391262412931,588.4330483630666,588.4330483630666,608.4330483630666,0.0,0.0,85.19999999999999,0.1931,2943.9351,7.138865,15.709103861031588,09:48,09:48,10:08,False
39,Fuel-3000,fuel,2,35,16,30.4513559636922,660.0455160981381,660.0455160981381,680.0455160981381,0.0,8.045516098138137,846.2893,1.94218,2858.7351000000003,6.945765,10.86860617730638,11:00,11:00,11:20,False
39,Fuel-3000,fuel,3,39,35,16.6884417526945,756.2160994934449,848.0,868.0,91.78390050655514,0.0,2012.4458,5.003585,2012.4458000000004,5.003584999999999,5.969819293610526,12:36,14:08,14:28,False
40,Fuel-3000,fuel,1,42,0,62.5681831671082,612.3189545205224,614.0,634.0,1.681045479477575,0.0,2126.4446000000003,5.042231666666667,2981.9199000000003,7.002361666666667,22.15657405777381,10:12,10:14,10:34,False
40,Fuel-3000,fuel,2,35,42,24.6180207841632,675.7254589562089,675.7254589562089,695.7254589562089,0.0,23.725458956208854,846.2893,1.94218,855.4753000000001,1.9601300000000004,7.087364729261204,11:16,11:16,11:36,False
40,Fuel-3000,fuel,3,94,35,24.9852639244727,792.1740566589368,792.1740566589368,812.1740566589368,0.0,0.0,9.186,0.01795,9.186000000000035,0.017950000000000355,6.902888748397377,13:12,13:12,13:32,False
41,Fuel-3000,fuel,1,42,0,62.5681831671082,682.6155646900139,682.6155646900139,702.6155646900139,0.0,1.6155646900139118,2126.4446000000003,5.042231666666667,2969.1563,6.821695,22.459670925097885,11:23,11:23,11:43,False
41,Fuel-3000,fuel,2,25,42,53.9024580559064,824.7699822299552,979.0,999.0,154.2300177700448,0.0,842.7117,1.7794633333333334,842.7116999999998,1.7794633333333332,15.745302247644043,13:45,16:19,16:39,False
42,Fuel-3000,fuel,1,42,0,62.5681831671082,682.6155646900139,682.6155646900139,702.6155646900139,0.0,1.6155646900139118,2126.4446000000003,5.042231666666667,2982.8810333333336,7.2591383333333335,22.489114844490068,11:23,11:23,11:43,False
42,Fuel-3000,fuel,2,9,42,55.8601292945617,826.8940378234329,960.0,980.0,133.10596217656712,268.0,856.4364333333333,2.2169066666666666,856.4364333333333,2.2169066666666666,16.322434585343103,13:47,16:00,16:20,True
43,Fuel-3000,fuel,1,70,0,120.240603212148,747.4934890539673,747.4934890539673,767.4934890539673,0.0,0.0,2269.8604,6.546291999999999,2712.1946,7.671531999999999,42.46723625780766,12:27,12:27,12:47,False
43,Fuel-3000,fuel,2,32,70,16.3572159718854,795.5310877222786,795.5310877222786,815.5310877222786,0.0,0.0,442.3342,1.12524,442.3341999999998,1.1252399999999998,4.4687213289903776,13:16,13:16,13:36,False
44,Fuel-3000,fuel,1,76,0,37.624321582022,616.9056298000373,616.9056298000373,636.9056298000373,0.0,0.0,628.15085,2.03649,2995.70735,8.916952,13.385717207421678,10:17,10:17,10:37,False
44,Fuel-3000,fuel,2,70,76,38.6291704900812,734.7152575843055,734.7152575843055,754.7152575843055,0.0,0.0,2269.8604,6.546291999999999,2367.5565,6.880462,13.483942573675328,12:15,12:15,12:35,False
44,Fuel-3000,fuel,3,93,70,27.7779304373206,805.6579629397004,805.6579629397004,825.6579629397004,0.0,0.0,97.6961,0.33416999999999997,97.69610000000011,0.3341700000000003,7.287735843196555,13:26,13:26,13:46,False
45,Fuel-3000,fuel,1,87,0,94.3019818438532,689.537257362463,689.537257362463,709.537257362463,0.0,0.0,180.291,0.46473,2663.4044,7.807385999999999,32.70286692918568,11:30,11:30,11:50,False
45,Fuel-3000,fuel,2,70,87,13.3409006182793,781.9876882323489,781.9876882323489,801.9876882323489,0.0,26.987688232348887,1134.9302,3.2731459999999997,2483.1133999999997,7.342655999999999,5.133485472675747,13:02,13:02,13:22,False
45,Fuel-3000,fuel,3,77,70,4.35880574286487,806.7169530528171,1136.0,1156.0,329.2830469471829,0.0,984.1333999999999,2.54841,1348.1831999999997,4.069509999999999,1.2995505635730744,13:27,18:56,19:16,False
45,Fuel-3000,fuel,4,34,77,53.5057852003717,1214.0532931649602,1214.0532931649602,1234.0532931649602,0.0,6.053293164960223,364.0498,1.5211,364.0497999999998,1.5210999999999992,14.178117076600701,20:14,20:14,20:34,False
46,Fuel-3000,fuel,1,91,0,58.4398276437998,1035.3958346949003,1035.3958346949003,1055.3958346949003,0.0,0.0,70.435,0.39102000000000003,2568.926433333333,6.99183,20.166001748474184,17:15,17:15,17:35,False
46,Fuel-3000,fuel,2,54,91,2.74499256513128,1058.3741268089668,1058.3741268089668,1078.3741268089668,0.0,0.0,2483.6014333333333,6.55764,2498.491433333333,6.60081,0.9247987046863682,17:38,17:38,17:58,False
46,Fuel-3000,fuel,3,2,54,41.8853964986174,1123.8194032993292,1123.8194032993292,1143.8194032993292,0.0,0.0,14.89,0.04317,14.889999999999873,0.04316999999999993,10.606126931417364,18:44,18:44,19:04,True
47,Fuel-3000,fuel,1,26,0,78.9378763501466,1028.8295222605568,1028.8295222605568,1048.8295222605568,0.0,0.0,45.813199999999995,0.1362,2529.4146333333333,6.69384,27.216520119134245,17:09,17:09,17:29,False
47,Fuel-3000,fuel,2,54,26,5.56802605760443,1054.8707801892415,1054.8707801892415,1074.8707801892415,0.0,0.0,2483.6014333333333,6.55764,2483.6014333333333,6.55764,1.873096081065134,17:35,17:35,17:55,False
48,Fuel-3000,fuel,1,54,0,96.10547577874,1124.2735722734974,1124.2735722734974,1144.2735722734974,0.0,0.2735722734973933,2483.6014333333333,6.55764,2483.6014333333333,6.55764,32.330091164750584,18:44,18:44,19:04,False
49,Fuel-3000,fuel,1,46,0,65.1980955375949,687.0730432840592,687.0730432840592,707.0730432840592,0.0,0.0,2213.2264666666665,7.257746666666667,2213.2264666666665,7.257746666666667,21.718128346333692,11:27,11:27,11:47,False
50,Fuel-3000,fuel,1,46,0,65.1980955375949,687.0730432840592,687.0730432840592,707.0730432840592,0.0,0.0,1106.6132333333333,3.6288733333333334,2184.4812666666667,6.175443333333334,21.653855990996,11:27,11:27,11:47,False
50,Fuel-3000,fuel,2,27,46,9.87397834361521,767.525971918438,1071.0,1091.0,303.474028081562,0.0,1077.8680333333334,2.54657,1077.8680333333334,2.5465700000000004,3.32999443995913,12:48,17:51,18:11,False
51,Fuel-3000,fuel,1,81,0,56.7917579408888,1081.6185438779987,1081.6185438779987,1101.6185438779987,0.0,0.0,671.80615,1.824015,2827.5422166666667,6.917155,19.763044680998615,18:02,18:02,18:22,False
51,Fuel-3000,fuel,2,27,81,26.494008238373,1130.3643032686384,1130.3643032686384,1150.3643032686384,0.0,0.0,2155.736066666667,5.09314,2155.736066666667,5.09314,8.619947377233537,18:50,18:50,19:10,False
52,Fuel-3000,fuel,1,85,0,34.5159395116473,673.5015923926226,673.5015923926226,693.5015923926226,0.0,11.50159239262257,593.8303,1.42095,2476.2213,6.1450499999999995,11.86441318624952,11:14,11:14,11:34,False
52,Fuel-3000,fuel,2,78,85,6.84841446671618,735.430660556191,1194.0,1214.0,458.569339443809,0.0,1882.391,4.7241,1882.391,4.7241,2.5262454318084067,12:15,19:54,20:14,False
53,Fuel-3000,fuel,1,61,0,56.923496284659,816.2099417193407,816.2099417193407,836.2099417193407,0.0,0.0,2405.6261999999997,7.39869,2405.6261999999997,7.39869,19.88472256919301,13:36,13:36,13:56,False
54,Fuel-3000,fuel,1,61,0,56.923496284659,816.2099417193407,816.2099417193407,836.2099417193407,0.0,0.0,2405.6261999999997,7.39869,2405.6261999999997,7.39869,19.88472256919301,13:36,13:36,13:56,False
55,Fuel-3000,fuel,1,79,0,71.0863033880453,650.1886498102463,650.1886498102463,670.1886498102463,0.0,5.188649810246261,1157.565,3.6832599999999998,2360.3781,7.382605,23.840388258235983,10:50,10:50,11:10,False
55,Fuel-3000,fuel,2,61,79,20.3765035725338,743.1906548606884,743.1906548606884,763.1906548606884,0.0,0.0,1202.8130999999998,3.699345,1202.8130999999998,3.699345,6.477621991204899,12:23,12:23,12:43,False
56,Fuel-3000,fuel,1,79,0,71.0863033880453,650.1886498102463,650.1886498102463,670.1886498102463,0.0,5.188649810246261,1157.565,3.6832599999999998,2163.3785333333335,6.302433333333333,23.364083383472853,10:50,10:50,11:10,False
56,Fuel-3000,fuel,2,75,79,29.426347942291,783.295824228213,865.0,885.0,81.70417577178705,0.0,1005.8135333333333,2.6191733333333334,1005.8135333333335,2.6191733333333334,9.212183120256661,13:03,14:25,14:45,False
57,Fuel-3000,fuel,1,75,0,68.4711425761791,945.7561738579307,945.7561738579307,965.7561738579307,0.0,0.756173857930662,2011.6270666666667,5.238346666666667,2976.2544666666668,8.213326666666667,24.38546737935175,15:46,15:46,16:06,False
57,Fuel-3000,fuel,2,67,75,11.2703763187284,984.8585066015381,1132.0,1152.0,147.14149339846188,0.0,964.6274,2.97498,964.6274000000001,2.9749800000000004,3.287053347323944,16:25,18:52,19:12,False
58,Fuel-3000,fuel,1,66,0,47.9706297508804,657.8739487303058,657.8739487303058,677.8739487303058,0.0,24.873948730305756,939.1379666666667,2.8932,2868.392766666667,8.843160000000001,17.0285288274152,10:58,10:58,11:18,False
58,Fuel-3000,fuel,2,67,66,23.3317356332154,781.6029280840099,1132.0,1152.0,350.39707191599007,0.0,1929.2548,5.94996,1929.2548000000002,5.949960000000001,8.243410547914177,13:02,18:52,19:12,False
59,Fuel-3000,fuel,1,66,0,47.9706297508804,634.4417453404752,634.4417453404752,654.4417453404752,0.0,1.4417453404752223,1878.2759333333333,5.7864,2964.0464333333334,8.439833333333334,17.075653841681408,10:34,10:34,10:54,False
59,Fuel-3000,fuel,2,28,66,12.7323322770205,676.021969538815,1167.0,1187.0,490.97803046118497,0.0,1085.7705,2.6534333333333335,1085.7705,2.653433333333334,3.766584619313053,11:16,19:27,19:47,False
60,Fuel-3000,fuel,1,31,0,52.6085502497646,1057.8754613921496,1057.8754613921496,1077.8754613921496,0.0,0.0,2257.2069333333334,5.148423333333334,2257.2069333333334,5.148423333333334,17.42759306860637,17:38,17:38,17:58,False
61,Fuel-3000,fuel,1,31,0,52.6085502497646,1057.8754613921496,1057.8754613921496,1077.8754613921496,0.0,0.0,2257.2069333333334,5.148423333333334,2257.2069333333334,5.148423333333334,17.42759306860637,17:38,17:38,17:58,False
62,Fuel-3000,fuel,1,31,0,52.6085502497646,1057.8754613921496,1057.8754613921496,1077.8754613921496,0.0,0.0,2257.2069333333334,5.148423333333334,2257.2069333333334,5.148423333333334,17.42759306860637,17:38,17:38,17:58,False
63,Fuel-3000,fuel,1,82,0,59.5587450892945,780.6604829178602,780.6604829178602,800.6604829178602,0.0,0.0,746.541,2.33638,2918.0820000000003,7.643246666666667,22.118873072269107,13:01,13:01,13:21,False
63,Fuel-3000,fuel,2,28,82,12.7462845637721,814.4900864228571,1167.0,1187.0,352.5099135771429,0.0,2171.541,5.306866666666667,2171.541,5.306866666666667,4.153850373255966,13:34,19:27,19:47,False
64,Fuel-3000,fuel,1,45,0,42.355832844688,986.7895471943864,986.7895471943864,1006.7895471943864,0.0,0.0,2319.9702399999996,7.365348,2319.9702399999996,7.365348,14.331243878965125,16:27,16:27,16:47,False
65,Fuel-3000,fuel,1,45,0,42.355832844688,986.7895471943864,986.7895471943864,1006.7895471943864,0.0,0.0,2319.9702399999996,7.365348,2319.9702399999996,7.365348,14.331243878965125,16:27,16:27,16:47,False
66,Fuel-3000,fuel,1,86,0,27.7232142494803,697.1829443845733,697.1829443845733,717.1829443845733,0.0,2.1829443845732612,532.895,2.84858,2870.4069366666663,9.486157333333335,9.965172593768218,11:37,11:37,11:57,False
66,Fuel-3000,fuel,2,56,86,50.4748412417565,823.6326099362425,830.0,850.0,6.367390063757512,0.0,1177.5268166666667,2.9549033333333337,2337.5119366666663,6.6375773333333346,17.298707961145297,13:44,13:50,14:10,False
66,Fuel-3000,fuel,3,45,56,27.873298161323,880.2422764860647,937.0,957.0,56.757723513935275,0.0,1159.9851199999998,3.682674,1159.9851199999996,3.682674000000001,8.133492447338677,14:40,15:37,15:57,False
67,Fuel-3000,fuel,1,30,0,16.5074864412621,736.8825700485435,736.8825700485435,756.8825700485435,0.0,0.0,334.852,0.73178,2689.9056333333333,6.641586666666667,6.175043141658529,12:17,12:17,12:37,False
67,Fuel-3000,fuel,2,56,30,55.090343030122,835.6757643450821,835.6757643450821,855.6757643450821,0.0,0.0,2355.0536333333334,5.909806666666667,2355.0536333333334,5.909806666666667,18.5030439268849,13:56,13:56,14:16,False
68,Fuel-3000,fuel,1,56,0,80.451905816635,897.2895903977957,897.2895903977957,917.2895903977957,0.0,0.0,2355.0536333333334,5.909806666666667,2355.0536333333334,5.909806666666667,26.715720431507645,14:57,14:57,15:17,False
69,Fuel-3000,fuel,1,37,0,60.8075791261873,656.1992866545547,656.1992866545547,676.1992866545547,0.0,13.199286654554726,564.949,1.8194000000000001,2754.791956666667,7.497679333333334,21.26993458368665,10:56,10:56,11:16,False
69,Fuel-3000,fuel,2,56,37,20.3435174480845,764.7005912710517,830.0,850.0,65.29940872894826,0.0,1177.5268166666667,2.9549033333333337,2189.842956666667,5.678279333333334,7.366738689872684,12:45,13:50,14:10,False
69,Fuel-3000,fuel,3,43,56,24.7922614590075,876.8993795215272,1013.0,1033.0,136.10062047847282,0.0,1012.3161400000001,2.723376,1012.3161400000001,2.7233760000000005,7.111078114412401,14:37,16:53,17:13,False
70,Fuel-3000,fuel,1,25,0,33.741155400417,1037.404508571881,1037.404508571881,1057.404508571881,0.0,0.0,842.7117,1.7794633333333334,2867.34398,7.226215333333333,11.926378823215199,17:17,17:17,17:37,False
70,Fuel-3000,fuel,2,43,25,32.0632816320145,1092.1928792395279,1092.1928792395279,1112.1928792395279,0.0,0.0,2024.6322800000003,5.446752,2024.6322800000003,5.446752,10.290293192708369,18:12,18:12,18:32,False
71,Fuel-3000,fuel,1,25,0,33.741155400417,1037.404508571881,1037.404508571881,1057.404508571881,0.0,0.0,842.7117,1.7794633333333334,2867.34398,7.226215333333333,11.926378823215199,17:17,17:17,17:37,False
71,Fuel-3000,fuel,2,43,25,32.0632816320145,1092.1928792395279,1092.1928792395279,1112.1928792395279,0.0,0.0,2024.6322800000003,5.446752,2024.6322800000003,5.446752,10.290293192708369,18:12,18:12,18:32,False
72,Fuel-3000,fuel,1,64,0,48.4740787989116,847.593937214009,849.0,869.0,1.4060627859910255,0.0,2212.4418,5.3740000000000006,2212.4418,5.3740000000000006,15.863885087898218,14:08,14:09,14:29,False
73,Fuel-3000,fuel,1,64,0,48.4740787989116,847.593937214009,849.0,869.0,1.4060627859910255,0.0,2212.4418,5.3740000000000006,2212.4418,5.3740000000000006,15.863885087898218,14:08,14:09,14:29,False
74,Fuel-3000,fuel,1,64,0,48.4740787989116,847.593937214009,849.0,869.0,1.4060627859910255,0.0,2212.4418,5.3740000000000006,2212.4418,5.3740000000000006,15.863885087898218,14:08,14:09,14:29,False
75,Fuel-3000,fuel,1,64,0,48.4740787989116,847.593937214009,849.0,869.0,1.4060627859910255,0.0,2212.4418,5.3740000000000006,2212.4418,5.3740000000000006,15.863885087898218,14:08,14:09,14:29,False
76,Fuel-3000,fuel,1,44,0,46.3639002073975,1070.3044125215886,1070.3044125215886,1090.3044125215886,0.0,0.0,2276.15445,5.812015,2276.15445,5.812015,15.272832122612556,17:50,17:50,18:10,False
77,Fuel-3000,fuel,1,44,0,46.3639002073975,1070.3044125215886,1070.3044125215886,1090.3044125215886,0.0,0.0,2276.15445,5.812015,2276.15445,5.812015,15.272832122612556,17:50,17:50,18:10,False
78,Fuel-3000,fuel,1,58,0,59.2201013636617,859.2532745356185,859.2532745356185,879.2532745356185,0.0,0.0,2933.964,9.87341,2933.964,9.87341,20.820446643081837,14:19,14:19,14:39,False
79,Fuel-3000,fuel,1,53,0,20.7136225099359,1087.474093139171,1087.474093139171,1107.474093139171,0.0,0.0,2321.281966666667,6.252913333333333,2321.281966666667,6.252913333333333,6.854815947965681,18:07,18:07,18:27,False
80,Fuel-3000,fuel,1,53,0,20.7136225099359,1087.474093139171,1087.474093139171,1107.474093139171,0.0,0.0,2321.281966666667,6.252913333333333,2321.281966666667,6.252913333333333,6.854815947965681,18:07,18:07,18:27,False
81,Fuel-3000,fuel,1,53,0,20.7136225099359,1087.474093139171,1087.474093139171,1107.474093139171,0.0,0.0,2321.281966666667,6.252913333333333,2321.281966666667,6.252913333333333,6.854815947965681,18:07,18:07,18:27,False
82,Fuel-3000,fuel,1,57,0,30.1567914916348,887.7198461030396,887.7198461030396,907.7198461030396,0.0,0.0,2203.217666666667,5.638176666666666,2203.217666666667,5.638176666666666,9.859899049695192,14:48,14:48,15:08,False
83,Fuel-3000,fuel,1,57,0,30.1567914916348,887.7198461030396,887.7198461030396,907.7198461030396,0.0,0.0,2203.217666666667,5.638176666666666,2203.217666666667,5.638176666666666,9.859899049695192,14:48,14:48,15:08,False
84,Fuel-3000,fuel,1,57,0,30.1567914916348,887.7198461030396,887.7198461030396,907.7198461030396,0.0,0.0,2203.217666666667,5.638176666666666,2203.217666666667,5.638176666666666,9.859899049695192,14:48,14:48,15:08,False
85,EV-1250,electric,1,49,0,16.7279563395395,798.1496813810555,798.1496813810555,818.1496813810555,0.0,0.0,1121.709,3.3847375,1121.709,3.3847375,7.412738603076953,13:18,13:18,13:38,False
86,Fuel-1500,fuel,1,49,0,16.7279563395395,798.1496813810555,798.1496813810555,818.1496813810555,0.0,0.0,1121.709,3.3847375,1121.709,3.3847375,5.491939979441851,13:18,13:18,13:38,False
87,Fuel-1500,fuel,1,49,0,16.7279563395395,798.1496813810555,798.1496813810555,818.1496813810555,0.0,0.0,1121.709,3.3847375,1121.709,3.3847375,5.491939979441851,13:18,13:18,13:38,False
88,Fuel-1500,fuel,1,49,0,16.7279563395395,798.1496813810555,798.1496813810555,818.1496813810555,0.0,0.0,1121.709,3.3847375,1121.709,3.3847375,5.491939979441851,13:18,13:18,13:38,False
89,Fuel-1500,fuel,1,83,0,9.07344962933037,834.8446108094,834.8446108094,854.8446108094,0.0,0.0,926.8409,2.79316,926.8409,2.79316,2.859740235351279,13:55,13:55,14:15,False
90,Fuel-1500,fuel,1,47,0,16.5303037002469,1142.9352300545174,1142.9352300545174,1162.9352300545174,0.0,0.0,938.0139333333333,2.6986866666666667,938.0139333333333,2.6986866666666667,5.222413838574223,19:03,19:03,19:23,False
91,Fuel-1500,fuel,1,47,0,16.5303037002469,1142.9352300545174,1142.9352300545174,1162.9352300545174,0.0,0.0,938.0139333333333,2.6986866666666667,938.0139333333333,2.6986866666666667,5.222413838574223,19:03,19:03,19:23,False
92,Fuel-1500,fuel,1,47,0,16.5303037002469,1142.9352300545174,1142.9352300545174,1162.9352300545174,0.0,0.0,938.0139333333333,2.6986866666666667,938.0139333333333,2.6986866666666667,5.222413838574223,19:03,19:03,19:23,False
93,Fuel-1500,fuel,1,60,0,18.374091479689,631.1425279316762,631.1425279316762,651.1425279316762,0.0,0.0,1238.32865,3.25219875,1238.32865,3.25219875,6.3161352024878425,10:31,10:31,10:51,False
94,Fuel-1500,fuel,1,60,0,18.374091479689,631.1425279316762,631.1425279316762,651.1425279316762,0.0,0.0,1238.32865,3.25219875,1238.32865,3.25219875,6.3161352024878425,10:31,10:31,10:51,False
95,Fuel-1500,fuel,1,60,0,18.374091479689,631.1425279316762,631.1425279316762,651.1425279316762,0.0,0.0,1238.32865,3.25219875,1238.32865,3.25219875,6.3161352024878425,10:31,10:31,10:51,False
96,Fuel-1500,fuel,1,60,0,18.374091479689,631.1425279316762,631.1425279316762,651.1425279316762,0.0,0.0,1238.32865,3.25219875,1238.32865,3.25219875,6.3161352024878425,10:31,10:31,10:51,False
97,Fuel-1500,fuel,1,60,0,18.374091479689,631.1425279316762,631.1425279316762,651.1425279316762,0.0,0.0,1238.32865,3.25219875,1238.32865,3.25219875,6.3161352024878425,10:31,10:31,10:51,False
98,Fuel-1500,fuel,1,60,0,18.374091479689,631.1425279316762,631.1425279316762,651.1425279316762,0.0,0.0,1238.32865,3.25219875,1238.32865,3.25219875,6.3161352024878425,10:31,10:31,10:51,False
99,Fuel-1500,fuel,1,60,0,18.374091479689,631.1425279316762,631.1425279316762,651.1425279316762,0.0,0.0,1238.32865,3.25219875,1238.32865,3.25219875,6.3161352024878425,10:31,10:31,10:51,False
100,Fuel-1500,fuel,1,60,0,18.374091479689,631.1425279316762,631.1425279316762,651.1425279316762,0.0,0.0,1238.32865,3.25219875,1238.32865,3.25219875,6.3161352024878425,10:31,10:31,10:51,False
101,Fuel-1500,fuel,1,48,0,35.7786722765385,1039.615195960078,1039.615195960078,1059.615195960078,0.0,0.0,1228.3896571428572,2.8090257142857142,1228.3896571428572,2.8090257142857142,12.13765732967137,17:20,17:20,17:40,False
102,Fuel-1500,fuel,1,48,0,35.7786722765385,1039.615195960078,1039.615195960078,1059.615195960078,0.0,0.0,1228.3896571428572,2.8090257142857142,1228.3896571428572,2.8090257142857142,12.13765732967137,17:20,17:20,17:40,False
103,Fuel-1500,fuel,1,48,0,35.7786722765385,1039.615195960078,1039.615195960078,1059.615195960078,0.0,0.0,1228.3896571428572,2.8090257142857142,1228.3896571428572,2.8090257142857142,12.13765732967137,17:20,17:20,17:40,False
104,Fuel-1500,fuel,1,48,0,35.7786722765385,1039.615195960078,1039.615195960078,1059.615195960078,0.0,0.0,1228.3896571428572,2.8090257142857142,1228.3896571428572,2.8090257142857142,12.13765732967137,17:20,17:20,17:40,False
105,Fuel-1500,fuel,1,48,0,35.7786722765385,1039.615195960078,1039.615195960078,1059.615195960078,0.0,0.0,1228.3896571428572,2.8090257142857142,1228.3896571428572,2.8090257142857142,12.13765732967137,17:20,17:20,17:40,False
106,Fuel-1500,fuel,1,48,0,35.7786722765385,1039.615195960078,1039.615195960078,1059.615195960078,0.0,0.0,1228.3896571428572,2.8090257142857142,1228.3896571428572,2.8090257142857142,12.13765732967137,17:20,17:20,17:40,False
107,Fuel-1500,fuel,1,48,0,35.7786722765385,1039.615195960078,1039.615195960078,1059.615195960078,0.0,0.0,1228.3896571428572,2.8090257142857142,1228.3896571428572,2.8090257142857142,12.13765732967137,17:20,17:20,17:40,False
108,Fuel-1500,fuel,1,72,0,41.5343313707057,1155.0643740007656,1155.0643740007656,1175.0643740007656,0.0,0.0,908.4410666666666,2.5001866666666666,908.4410666666666,2.5001866666666666,13.039153148213684,19:15,19:15,19:35,False
109,Fuel-1500,fuel,1,72,0,41.5343313707057,1155.0643740007656,1155.0643740007656,1175.0643740007656,0.0,0.0,908.4410666666666,2.5001866666666666,908.4410666666666,2.5001866666666666,13.039153148213684,19:15,19:15,19:35,False
110,Fuel-1500,fuel,1,72,0,41.5343313707057,1155.0643740007656,1155.0643740007656,1175.0643740007656,0.0,0.0,908.4410666666666,2.5001866666666666,908.4410666666666,2.5001866666666666,13.039153148213684,19:15,19:15,19:35,False
111,Fuel-1500,fuel,1,41,0,56.0103666850807,830.1378300380622,830.1378300380622,850.1378300380622,0.0,0.0,928.8061666666667,2.652036666666667,928.8061666666667,2.652036666666667,18.17603277779495,13:50,13:50,14:10,False
112,Fuel-1500,fuel,1,41,0,56.0103666850807,830.1378300380622,830.1378300380622,850.1378300380622,0.0,0.0,928.8061666666667,2.652036666666667,928.8061666666667,2.652036666666667,18.17603277779495,13:50,13:50,14:10,False
113,Fuel-1500,fuel,1,41,0,56.0103666850807,830.1378300380622,830.1378300380622,850.1378300380622,0.0,0.0,928.8061666666667,2.652036666666667,928.8061666666667,2.652036666666667,18.17603277779495,13:50,13:50,14:10,False
114,Fuel-1500,fuel,1,68,0,50.8885104499229,1120.213573725052,1120.213573725052,1140.213573725052,0.0,0.0,1235.8312333333333,2.905483333333333,1235.8312333333333,2.905483333333333,17.098533747264952,18:40,18:40,19:00,False
115,Fuel-1500,fuel,1,68,0,50.8885104499229,1120.213573725052,1120.213573725052,1140.213573725052,0.0,0.0,1235.8312333333333,2.905483333333333,1235.8312333333333,2.905483333333333,17.098533747264952,18:40,18:40,19:00,False
116,Fuel-1500,fuel,1,68,0,50.8885104499229,1120.213573725052,1120.213573725052,1140.213573725052,0.0,0.0,1235.8312333333333,2.905483333333333,1235.8312333333333,2.905483333333333,17.098533747264952,18:40,18:40,19:00,False
117,Fuel-1500,fuel,1,68,0,50.8885104499229,1120.213573725052,1120.213573725052,1140.213573725052,0.0,0.0,1235.8312333333333,2.905483333333333,1235.8312333333333,2.905483333333333,17.098533747264952,18:40,18:40,19:00,False
118,Fuel-1500,fuel,1,68,0,50.8885104499229,1120.213573725052,1120.213573725052,1140.213573725052,0.0,0.0,1235.8312333333333,2.905483333333333,1235.8312333333333,2.905483333333333,17.098533747264952,18:40,18:40,19:00,False
119,Fuel-1500,fuel,1,68,0,50.8885104499229,1120.213573725052,1120.213573725052,1140.213573725052,0.0,0.0,1235.8312333333333,2.905483333333333,1235.8312333333333,2.905483333333333,17.098533747264952,18:40,18:40,19:00,False
120,Fuel-1500,fuel,1,69,0,58.7624780806917,952.7330136960876,952.7330136960876,972.7330136960876,0.0,0.0,1144.44295,3.03201,1144.44295,3.03201,19.613800741687527,15:53,15:53,16:13,False
121,Fuel-1500,fuel,1,69,0,58.7624780806917,952.7330136960876,952.7330136960876,972.7330136960876,0.0,0.0,1144.44295,3.03201,1144.44295,3.03201,19.613800741687527,15:53,15:53,16:13,False
122,Fuel-1500,fuel,1,65,0,43.4372689227163,1038.3225340933632,1038.3225340933632,1058.3225340933632,0.0,0.0,1092.0977833333334,2.4772183333333335,1092.0977833333334,2.4772183333333335,14.369623554179249,17:18,17:18,17:38,False
123,Fuel-1500,fuel,1,65,0,43.4372689227163,1038.3225340933632,1038.3225340933632,1058.3225340933632,0.0,0.0,1092.0977833333334,2.4772183333333335,1092.0977833333334,2.4772183333333335,14.369623554179249,17:18,17:18,17:38,False
124,Fuel-1500,fuel,1,65,0,43.4372689227163,1038.3225340933632,1038.3225340933632,1058.3225340933632,0.0,0.0,1092.0977833333334,2.4772183333333335,1092.0977833333334,2.4772183333333335,14.369623554179249,17:18,17:18,17:38,False
125,Fuel-1500,fuel,1,65,0,43.4372689227163,1038.3225340933632,1038.3225340933632,1058.3225340933632,0.0,0.0,1092.0977833333334,2.4772183333333335,1092.0977833333334,2.4772183333333335,14.369623554179249,17:18,17:18,17:38,False
126,Fuel-1500,fuel,1,65,0,43.4372689227163,1038.3225340933632,1038.3225340933632,1058.3225340933632,0.0,0.0,1092.0977833333334,2.4772183333333335,1092.0977833333334,2.4772183333333335,14.369623554179249,17:18,17:18,17:38,False
127,Fuel-1500,fuel,1,65,0,43.4372689227163,1038.3225340933632,1038.3225340933632,1058.3225340933632,0.0,0.0,1092.0977833333334,2.4772183333333335,1092.0977833333334,2.4772183333333335,14.369623554179249,17:18,17:18,17:38,False
128,Fuel-1500,fuel,1,29,0,50.3225523012789,1074.5995142509355,1074.5995142509355,1094.5995142509355,0.0,0.0,873.9449999999999,2.04764,1380.2855,3.95052,17.39825738001186,17:55,17:55,18:15,False
128,Fuel-1500,fuel,2,80,29,12.5209312746508,1108.1846114747882,1108.1846114747882,1128.1846114747882,0.0,0.0,506.3405000000001,1.9028800000000001,506.3405,1.9028800000000001,3.591489097413892,18:28,18:28,18:48,False
129,Fuel-1500,fuel,1,51,0,39.8685858888362,1063.257055213927,1063.257055213927,1083.257055213927,0.0,0.0,1151.9821,3.2531033333333332,1151.9821,3.2531033333333332,13.170556022116278,17:43,17:43,18:03,False
130,Fuel-1500,fuel,1,51,0,39.8685858888362,1063.257055213927,1063.257055213927,1083.257055213927,0.0,0.0,1151.9821,3.2531033333333332,1151.9821,3.2531033333333332,13.170556022116278,17:43,17:43,18:03,False
131,Fuel-1500,fuel,1,51,0,39.8685858888362,1063.257055213927,1063.257055213927,1083.257055213927,0.0,0.0,1151.9821,3.2531033333333332,1151.9821,3.2531033333333332,13.170556022116278,17:43,17:43,18:03,False
132,Fuel-1500,fuel,1,63,0,47.1798697931974,1032.7810522168506,1032.7810522168506,1052.7810522168506,0.0,0.0,1241.8557142857142,3.3968357142857144,1241.8557142857142,3.3968357142857144,16.140251108775672,17:13,17:13,17:33,False
133,Fuel-1500,fuel,1,63,0,47.1798697931974,1032.7810522168506,1032.7810522168506,1052.7810522168506,0.0,0.0,1241.8557142857142,3.3968357142857144,1241.8557142857142,3.3968357142857144,16.140251108775672,17:13,17:13,17:33,False
134,Fuel-1500,fuel,1,63,0,47.1798697931974,1032.7810522168506,1032.7810522168506,1052.7810522168506,0.0,0.0,1241.8557142857142,3.3968357142857144,1241.8557142857142,3.3968357142857144,16.140251108775672,17:13,17:13,17:33,False
135,Fuel-1500,fuel,1,63,0,47.1798697931974,1032.7810522168506,1032.7810522168506,1052.7810522168506,0.0,0.0,1241.8557142857142,3.3968357142857144,1241.8557142857142,3.3968357142857144,16.140251108775672,17:13,17:13,17:33,False
136,Fuel-1250,fuel,1,63,0,47.1798697931974,1032.7810522168506,1032.7810522168506,1052.7810522168506,0.0,0.0,1241.8557142857142,3.3968357142857144,1241.8557142857142,3.3968357142857144,16.94331370580057,17:13,17:13,17:33,False
137,Fuel-1250,fuel,1,63,0,47.1798697931974,1032.7810522168506,1032.7810522168506,1052.7810522168506,0.0,0.0,1241.8557142857142,3.3968357142857144,1241.8557142857142,3.3968357142857144,16.94331370580057,17:13,17:13,17:33,False
138,Fuel-1250,fuel,1,63,0,47.1798697931974,1032.7810522168506,1032.7810522168506,1052.7810522168506,0.0,0.0,1241.8557142857142,3.3968357142857144,1241.8557142857142,3.3968357142857144,16.94331370580057,17:13,17:13,17:33,False
139,Fuel-1250,fuel,1,36,0,55.3793157014999,923.5666367822032,923.5666367822032,943.5666367822032,0.0,0.0,1103.0849,3.43592,1103.0849,3.43592,19.042638577927733,15:24,15:24,15:44,False
140,Fuel-1250,fuel,1,36,0,55.3793157014999,923.5666367822032,923.5666367822032,943.5666367822032,0.0,0.0,1103.0849,3.43592,1103.0849,3.43592,19.042638577927733,15:24,15:24,15:44,False
141,Fuel-1250,fuel,1,36,0,55.3793157014999,923.5666367822032,923.5666367822032,943.5666367822032,0.0,0.0,1103.0849,3.43592,1103.0849,3.43592,19.042638577927733,15:24,15:24,15:44,False
142,Fuel-1250,fuel,1,40,0,54.4441557343952,1079.071416710013,1079.071416710013,1099.071416710013,0.0,0.0,897.0452666666666,2.6502333333333334,897.0452666666666,2.6502333333333334,17.708469380745097,17:59,17:59,18:19,False
143,Fuel-1250,fuel,1,40,0,54.4441557343952,1079.071416710013,1079.071416710013,1099.071416710013,0.0,0.0,897.0452666666666,2.6502333333333334,897.0452666666666,2.6502333333333334,17.708469380745097,17:59,17:59,18:19,False
144,Fuel-1250,fuel,1,40,0,54.4441557343952,1079.071416710013,1079.071416710013,1099.071416710013,0.0,0.0,897.0452666666666,2.6502333333333334,897.0452666666666,2.6502333333333334,17.708469380745097,17:59,17:59,18:19,False
145,Fuel-1250,fuel,1,73,0,72.7134292441274,856.2351854366663,856.2351854366663,876.2351854366663,0.0,0.0,1011.0074166666667,2.5154,1011.0074166666667,2.5154,24.457544917112784,14:16,14:16,14:36,False
146,Fuel-1250,fuel,1,73,0,72.7134292441274,856.2351854366663,856.2351854366663,876.2351854366663,0.0,0.0,1011.0074166666667,2.5154,1011.0074166666667,2.5154,24.457544917112784,14:16,14:16,14:36,False
147,Fuel-1250,fuel,1,73,0,72.7134292441274,856.2351854366663,856.2351854366663,876.2351854366663,0.0,0.0,1011.0074166666667,2.5154,1011.0074166666667,2.5154,24.457544917112784,14:16,14:16,14:36,False
148,Fuel-1250,fuel,1,74,0,65.8358784535625,848.7731050129069,848.7731050129069,868.7731050129069,0.0,0.0,940.74305,2.73468,940.74305,2.73468,21.780757635333877,14:09,14:09,14:29,False
149,Fuel-1250,fuel,1,74,0,65.8358784535625,848.7731050129069,848.7731050129069,868.7731050129069,0.0,0.0,940.74305,2.73468,940.74305,2.73468,21.780757635333877,14:09,14:09,14:29,False
150,Fuel-1250,fuel,1,74,0,65.8358784535625,848.7731050129069,848.7731050129069,868.7731050129069,0.0,0.0,940.74305,2.73468,940.74305,2.73468,21.780757635333877,14:09,14:09,14:29,False
151,Fuel-1250,fuel,1,74,0,65.8358784535625,848.7731050129069,848.7731050129069,868.7731050129069,0.0,0.0,940.74305,2.73468,940.74305,2.73468,21.780757635333877,14:09,14:09,14:29,False
152,Fuel-1250,fuel,1,55,0,66.0433059987077,1091.6563898720156,1091.6563898720156,1111.6563898720156,0.0,0.0,1219.76473,3.088371,1219.76473,3.088371,23.204802291136794,18:12,18:12,18:32,False
153,Fuel-1250,fuel,1,55,0,66.0433059987077,1091.6563898720156,1091.6563898720156,1111.6563898720156,0.0,0.0,1219.76473,3.088371,1219.76473,3.088371,23.204802291136794,18:12,18:12,18:32,False
154,Fuel-1250,fuel,1,55,0,66.0433059987077,1091.6563898720156,1091.6563898720156,1111.6563898720156,0.0,0.0,1219.76473,3.088371,1219.76473,3.088371,23.204802291136794,18:12,18:12,18:32,False
155,Fuel-1250,fuel,1,55,0,66.0433059987077,1091.6563898720156,1091.6563898720156,1111.6563898720156,0.0,0.0,1219.76473,3.088371,1219.76473,3.088371,23.204802291136794,18:12,18:12,18:32,False
156,Fuel-1250,fuel,1,55,0,66.0433059987077,1091.6563898720156,1091.6563898720156,1111.6563898720156,0.0,0.0,1219.76473,3.088371,1219.76473,3.088371,23.204802291136794,18:12,18:12,18:32,False
157,Fuel-1250,fuel,1,55,0,66.0433059987077,1091.6563898720156,1091.6563898720156,1111.6563898720156,0.0,0.0,1219.76473,3.088371,1219.76473,3.088371,23.204802291136794,18:12,18:12,18:32,False
158,Fuel-1250,fuel,1,55,0,66.0433059987077,1091.6563898720156,1091.6563898720156,1111.6563898720156,0.0,0.0,1219.76473,3.088371,1219.76473,3.088371,23.204802291136794,18:12,18:12,18:32,False
159,Fuel-1250,fuel,1,55,0,66.0433059987077,1091.6563898720156,1091.6563898720156,1111.6563898720156,0.0,0.0,1219.76473,3.088371,1219.76473,3.088371,23.204802291136794,18:12,18:12,18:32,False
160,Fuel-1250,fuel,1,55,0,66.0433059987077,1091.6563898720156,1091.6563898720156,1111.6563898720156,0.0,0.0,1219.76473,3.088371,1219.76473,3.088371,23.204802291136794,18:12,18:12,18:32,False
161,Fuel-1250,fuel,1,55,0,66.0433059987077,1091.6563898720156,1091.6563898720156,1111.6563898720156,0.0,0.0,1219.76473,3.088371,1219.76473,3.088371,23.204802291136794,18:12,18:12,18:32,False
